State,District,Year,Area (Hectare),Production (Tonnes),Yield (Tonne/Hectare),Soil_type,Rice_Type,duration
 Andhra Pradesh,Alluri sitharama raju,2023,56605,169077,2.99,Red and Black , Sona Masoori ,135-140
 Andhra Pradesh,Anakapalli,2023,58204,182929,3.14,Alluvial and Red, Sona Masoori ,135-140
 Andhra Pradesh,Anantapur,2015,22658,68155,3.01,Red and Black , Sona Masoori ,135-140
 Andhra Pradesh,Anantapur,2016,20033,61012,3.05,Red and Black , Sona Masoori ,135-140
 Andhra Pradesh,Anantapur,2017,17983,44138,2.45,Red and Black , Sona Masoori ,135-140
 Andhra Pradesh,Anantapur,2018,12293,30831,2.51,Red and Black , Sona Masoori ,135-140
 Andhra Pradesh,Anantapur,2019,21938,58673,2.67,Red and Black , Sona Masoori ,135-140
 Andhra Pradesh,Anantapur,2020,18209,65726,3.61,Red and Black , Sona Masoori ,135-140
 Andhra Pradesh,Anantapur,2021,20037,54581,2.72,Red and Black , Sona Masoori ,135-140
 Andhra Pradesh,Anantapur,2022,23267,48411,2.08,Red and Black , Sona Masoori ,135-140
 Andhra Pradesh,Anantapur,2023,21151,78103,3.69,Red and Black , Sona Masoori ,135-140
 Andhra Pradesh,Annamayya,2023,11171,36351,3.25, Black and Red , Sona Masoori ,135-140
 Andhra Pradesh,Bapatla,2023,99437,412133,4.14, Alluvial soils, Sona Masoori ,135-140
 Andhra Pradesh,Chittoor,2015,13304,44462,3.34,Red and Black , Sona Masoori ,135-140
 Andhra Pradesh,Chittoor,2016,9476,32587,3.44,Red and Black , Sona Masoori ,135-140
 Andhra Pradesh,Chittoor,2017,22905,78527,3.43,Red and Black , Sona Masoori ,135-140
 Andhra Pradesh,Chittoor,2018,15061,53768,3.57,Red and Black , Sona Masoori ,135-140
 Andhra Pradesh,Chittoor,2019,17422,64122,3.68,Red and Black , Sona Masoori ,135-140
 Andhra Pradesh,Chittoor,2020,10664,42981,4.03,Red and Black , Sona Masoori ,135-140
 Andhra Pradesh,Chittoor,2021,29724,108006,3.63,Red and Black , Sona Masoori ,135-140
 Andhra Pradesh,Chittoor,2022,38721,135704,3.5,Red and Black , Sona Masoori ,135-140
 Andhra Pradesh,Chittoor,2023,12287,36828,3,Red and Black , Sona Masoori ,135-140
 Andhra Pradesh,East godavari,2015,226072,681833,3.02,Alluvial ,MTU 1521,125
 Andhra Pradesh,East godavari,2016,227836,696471,3.06,Alluvial ,MTU 1521,125
 Andhra Pradesh,East godavari,2017,220489,737644,3.35,Alluvial ,MTU 1521,125
 Andhra Pradesh,East godavari,2018,225683,771836,3.42,Alluvial ,MTU 1521,125
 Andhra Pradesh,East godavari,2019,222214,830017,3.74,Alluvial ,MTU 1521,125
 Andhra Pradesh,East godavari,2020,221042,744209,3.37,Alluvial ,MTU 1521,125
 Andhra Pradesh,East godavari,2021,220431,498020,2.26,Alluvial ,MTU 1521,125
 Andhra Pradesh,East godavari,2022,229825,533960,2.32,Alluvial ,MTU 1521,125
 Andhra Pradesh,East godavari,2023,76252,279665,3.67,Alluvial ,MTU 1521,125
 Andhra Pradesh,Eluru,2023,89222,359679,4.03,Alluvial ,MTU 1521,125
 Andhra Pradesh,Guntur,2015,255607,1000190,3.91,Alluvial ,MTU 1521,125
 Andhra Pradesh,Guntur,2016,160608,465820,2.9,Alluvial ,MTU 1521,125
 Andhra Pradesh,Guntur,2017,163747,685336,4.19,Alluvial ,MTU 1521,125
 Andhra Pradesh,Guntur,2018,183828,766563,4.17,Alluvial ,MTU 1521,125
 Andhra Pradesh,Guntur,2019,216433,857796,3.96,Alluvial ,MTU 1521,125
 Andhra Pradesh,Guntur,2020,220272,877858,3.99,Alluvial ,MTU 1521,125
 Andhra Pradesh,Guntur,2021,213628,668086,3.13,Alluvial ,MTU 1521,125
 Andhra Pradesh,Guntur,2022,222643,653977,2.94,Alluvial ,MTU 1521,125
 Andhra Pradesh,Guntur,2023,61705,258966,4.2,Alluvial ,MTU 1521,125
 Andhra Pradesh,Kadapa,2015,42124,155648,3.69,Red and Black ,MTU 1521,125
 Andhra Pradesh,Kadapa,2016,18625,50337,2.7,Red and Black ,MTU 1521,125
 Andhra Pradesh,Kadapa,2017,44388,146747,3.31,Red and Black ,MTU 1521,125
 Andhra Pradesh,Kadapa,2018,30717,70496,2.3,Red and Black ,MTU 1521,125
 Andhra Pradesh,Kadapa,2019,39041,126779,3.25,Red and Black ,MTU 1521,125
 Andhra Pradesh,Kadapa,2020,32647,99769,3.06,Red and Black ,MTU 1521,125
 Andhra Pradesh,Kadapa,2021,36780,70201,1.91,Red and Black ,MTU 1521,125
 Andhra Pradesh,Kadapa,2022,52146,87223,1.67,Red and Black ,MTU 1521,125
 Andhra Pradesh,Kadapa,2023,27616,88721,3.21,Red and Black ,MTU 1521,125
 Andhra Pradesh,Kakinada,2023,89585,283866,3.17, Alluvial,Swarna,150
 Andhra Pradesh,Konaseema,2023,56241,173335,3.08, Alluvial,Sona Masoori,135-140
 Andhra Pradesh,Krishna,2015,235212,788901,3.35, Alluvial,IR64,145-150
 Andhra Pradesh,Krishna,2016,210818,707083,3.35, Alluvial,IR64,145-150
 Andhra Pradesh,Krishna,2017,215895,833499,3.86, Alluvial,IR64,145-150
 Andhra Pradesh,Krishna,2018,235984,930721,3.94, Alluvial,IR64,145-150
 Andhra Pradesh,Krishna,2019,245815,1022427,4.16, Alluvial,IR64,145-150
 Andhra Pradesh,Krishna,2020,243863,945538,3.88, Alluvial,IR64,145-150
 Andhra Pradesh,Krishna,2021,250926,812833,3.24, Alluvial,IR64,145-150
 Andhra Pradesh,Krishna,2022,247769,846875,3.42, Alluvial,IR64,145-150
 Andhra Pradesh,Krishna,2023,162774,646104,3.97,Red and Black ,IR64,145-150
 Andhra Pradesh,Kurnool,2015,91569,361514,3.95,Red and Black ,Sona,135-140
 Andhra Pradesh,Kurnool,2016,46316,145993,3.15,Red and Black ,Sona,135-140
 Andhra Pradesh,Kurnool,2017,79264,322068,4.06,Red and Black ,Sona,135-140
 Andhra Pradesh,Kurnool,2018,59592,206963,3.47,Red and Black ,Sona,135-140
 Andhra Pradesh,Kurnool,2019,88858,346199,3.9,Red and Black ,Sona,135-140
 Andhra Pradesh,Kurnool,2020,82759,329605,3.98,Red and Black ,Sona,135-140
 Andhra Pradesh,Kurnool,2021,83979,247240,2.94,Red and Black ,Sona,135-140
 Andhra Pradesh,Kurnool,2022,85481,265761,3.11,Red and Black ,Sona,135-140
 Andhra Pradesh,Kurnool,2023,11676,39426,3.38,Red and Black ,Sona,135-140
 Andhra Pradesh,Nandyal,2023,64432,250121,3.88,Red and Black ,Swarna,150
 Andhra Pradesh,Ntr,2023,46135,180573,3.91,Red and Black ,Sona Masoori,135-140
 Andhra Pradesh,Palnadu,2023,38621,144751,3.75,Red and Black , BPT 5204,140-145
 Andhra Pradesh,Parvathipuram manyam,2023,71419,237456,3.32,Sandy Clay,Swarna,150
 Andhra Pradesh,Prakasam,2015,31764,121783,3.83,Alluvial ,Sona Masoori,135-140
 Andhra Pradesh,Prakasam,2016,14187,61438,4.33,Alluvial ,Sona Masoori,135-140
 Andhra Pradesh,Prakasam,2017,19297,64177,3.33,Alluvial ,Sona Masoori,135-140
 Andhra Pradesh,Prakasam,2018,27547,107543,3.9,Alluvial ,Sona Masoori,135-140
 Andhra Pradesh,Prakasam,2019,27778,102036,3.67,Alluvial ,Sona Masoori,135-140
 Andhra Pradesh,Prakasam,2020,29872,111711,3.74,Alluvial ,Sona Masoori,135-140
 Andhra Pradesh,Prakasam,2021,26622,90446,3.4,Alluvial ,Sona Masoori,135-140
 Andhra Pradesh,Prakasam,2022,33260,102419,3.08,Alluvial ,Sona Masoori,135-140
 Andhra Pradesh,Prakasam,2023,12432,41051,3.3,Alluvial ,Sona Masoori,135-140
 Andhra Pradesh,Spsr nellore,2015,62232,232561,3.74,Alluvial ,Nellore Sannalu,160-170
 Andhra Pradesh,Spsr nellore,2016,30413,110683,3.64,Alluvial ,Nellore Sannalu,160-170
 Andhra Pradesh,Spsr nellore,2017,73827,287991,3.9,Alluvial ,Nellore Sannalu,160-170
 Andhra Pradesh,Spsr nellore,2018,21184,81029,3.83,Alluvial ,Nellore Sannalu,160-170
 Andhra Pradesh,Spsr nellore,2019,26638,94011,3.53,Alluvial ,Nellore Sannalu,160-170
 Andhra Pradesh,Spsr nellore,2020,16680,64015,3.84,Alluvial ,Nellore Sannalu,160-170
 Andhra Pradesh,Spsr nellore,2021,88911,320079,3.6,Alluvial ,Nellore Sannalu,160-170
 Andhra Pradesh,Spsr nellore,2022,52223,196602,3.76,Alluvial ,Nellore Sannalu,160-170
 Andhra Pradesh,Spsr nellore,2023,24534,94995,3.87,Alluvial ,Nellore Sannalu,160-170
 Andhra Pradesh, Sri sathya sai,2023,4317,11187,2.59,Alluvial ,Sona Masoori,135-140
 Andhra Pradesh, Srikakulam,2015,205485,434806,2.12,Alluvial and Red,Swarna,150
 Andhra Pradesh, Srikakulam,2016,204003,470320,2.31,Alluvial and Red,Swarna,150
 Andhra Pradesh, Srikakulam,2017,203411,605174,2.98,Alluvial and Red,Swarna,150
 Andhra Pradesh, Srikakulam,2018,210682,531129,2.52,Alluvial and Red,Swarna,150
 Andhra Pradesh, Srikakulam,2019,209426,431177,2.06,Alluvial and Red,Swarna,150
 Andhra Pradesh, Srikakulam,2020,209640,594503,2.84,Alluvial and Red,Swarna,150
 Andhra Pradesh, Srikakulam,2021,195124,504643,2.59,Alluvial and Red,Swarna,150
 Andhra Pradesh, Srikakulam,2022,197038,514680,2.61,Alluvial and Red,Swarna,150
 Andhra Pradesh, Srikakulam,2023,151116,473679,3.13,Alluvial and Red,Swarna,150
 Andhra Pradesh,Tirupati,2023,21884,85187,3.89,Red and Black ,Sona Masoori,135-140
 Andhra Pradesh,Visakhapatanam,2015,98190,159755,1.63,Alluvial and Red,Swarna,150
 Andhra Pradesh,Visakhapatanam,2016,103090,219339,2.13,Alluvial and Red,Swarna,150
 Andhra Pradesh,Visakhapatanam,2017,105460,237203,2.25,Alluvial and Red,Swarna,150
 Andhra Pradesh,Visakhapatanam,2018,104922,218972,2.09,Alluvial and Red,Swarna,150
 Andhra Pradesh,Visakhapatanam,2019,99900,168397,1.69,Alluvial and Red,Swarna,150
 Andhra Pradesh,Visakhapatanam,2020,96998,230642,2.38,Alluvial and Red,Swarna,150
 Andhra Pradesh,Visakhapatanam,2021,102722,249848,2.43,Alluvial and Red,Swarna,150
 Andhra Pradesh,Visakhapatanam,2022,98935,244463,2.47,Alluvial and Red,Swarna,150
 Andhra Pradesh,Visakhapatanam,2023,5008,16831,3.36,Alluvial and Red,Swarna,150
 Andhra Pradesh, Vizianagaram,2015,119229,314526,2.64,Alluvial and Red,Sona Masoori,135-140
 Andhra Pradesh, Vizianagaram,2016,124275,366590,2.95,Alluvial and Red,Sona Masoori,135-140
 Andhra Pradesh, Vizianagaram,2017,122205,371142,3.04,Alluvial and Red,Sona Masoori,135-140
 Andhra Pradesh, Vizianagaram,2018,122675,364590,2.97,Alluvial and Red,Sona Masoori,135-140
 Andhra Pradesh, Vizianagaram,2019,121499,284061,2.34,Alluvial and Red,Sona Masoori,135-140
 Andhra Pradesh, Vizianagaram,2020,119381,384713,3.22,Alluvial and Red,Sona Masoori,135-140
 Andhra Pradesh, Vizianagaram,2021,108497,310379,2.86,Alluvial and Red,Sona Masoori,135-140
 Andhra Pradesh, Vizianagaram,2022,127872,374275,2.93,Alluvial and Red,Sona Masoori,135-140
 Andhra Pradesh, Vizianagaram,2023,93643,339003,3.62,Alluvial and Red,Sona Masoori,135-140
 Andhra Pradesh,West godavari,2015,231475,733313,3.17,Alluvial ,Swarna,150
 Andhra Pradesh,West godavari,2016,229204,727885,3.18,Alluvial ,Swarna,150
 Andhra Pradesh,West godavari,2017,230785,820044,3.55,Alluvial ,Swarna,150
 Andhra Pradesh,West godavari,2018,226760,807492,3.56,Alluvial ,Swarna,150
 Andhra Pradesh,West godavari,2019,226925,857555,3.78,Alluvial ,Swarna,150
 Andhra Pradesh,West godavari,2020,224398,850763,3.79,Alluvial ,Swarna,150
 Andhra Pradesh,West godavari,2021,223249,572064,2.56,Alluvial ,Swarna,150
 Andhra Pradesh,West godavari,2022,221874,675091,3.04,Alluvial ,Swarna,150
 Andhra Pradesh,West godavari,2023,84891,283083,3.33,Alluvial ,Swarna,150
 Karnataka,Bagalkot,2015,25,76,3.04,Black,Jaya,130
 Karnataka,Bagalkot,2016,32,87,2.72,Black,Jaya,130
 Karnataka,Bagalkot,2017,17,47,2.76,Black,Jaya,130
 Karnataka,Bagalkot,2019,54,154,2.85,Black,Jaya,130
 Karnataka,Bagalkot,2020,33,106,3.21,Black,Jaya,130
 Karnataka,Bagalkot,2021,57,188,3.3,Black,Jaya,130
 Karnataka,Bagalkot,2022,34,95,2.79,Black,Jaya,130
 Karnataka,Bagalkot,2023,24,79,3.29,Black,Jaya,130
 Karnataka,Bangalore rural,2015,598,2093,3.5,Red and Laterite,Sona Masoori,135-140
 Karnataka,Bangalore rural,2016,704,1853,2.63,Red and Laterite,Sona Masoori,135-140
 Karnataka,Bangalore rural,2017,540,1413,2.62,Red and Laterite,Sona Masoori,135-140
 Karnataka,Bangalore rural,2018,532,1510,2.84,Red and Laterite,Sona Masoori,135-140
 Karnataka,Bangalore rural,2019,186,553,2.97,Red and Laterite,Sona Masoori,135-140
 Karnataka,Bangalore rural,2020,141,410,2.91,Red and Laterite,Sona Masoori,135-140
 Karnataka,Bangalore rural,2021,204,624,3.06,Red and Laterite,Sona Masoori,135-140
 Karnataka,Bangalore rural,2022,159,357,2.25,Red and Laterite,Sona Masoori,135-140
 Karnataka,Bangalore rural,2023,135,398,2.95,Red and Laterite,Sona Masoori,135-140
 Karnataka,Belgaum,2015,59938,176688,2.95,Red and Laterite,Belgaum,135-140
 Karnataka,Belgaum,2016,61123,40531,0.66,Red and Laterite,Belgaum,135-140
 Karnataka,Belgaum,2017,65581,123732,1.89,Red and Laterite,Belgaum,135-140
 Karnataka,Belgaum,2018,64555,148535,2.3,Red and Laterite,Belgaum,135-140
 Karnataka,Belgaum,2019,53499,134938,2.52,Red and Laterite,Belgaum,135-140
 Karnataka,Belgaum,2020,60515,151599,2.51,Red and Laterite,Belgaum,135-140
 Karnataka,Belgaum,2021,60300,165403,2.74,Red and Laterite,Belgaum,135-140
 Karnataka,Belgaum,2022,55958,173302,3.1,Red and Laterite,Belgaum,135-140
 Karnataka,Belgaum,2023,51882,143093,2.76,Red and Laterite,Belgaum,135-140
 Karnataka,Bellary,2015,77598,286690,3.69,Red and Black ,Swarna,150
 Karnataka,Bellary,2016,75608,283647,3.75,Red and Black ,Swarna,150
 Karnataka,Bellary,2017,83580,328323,3.93,Red and Black ,Swarna,150
 Karnataka,Bellary,2018,55561,234990,4.23,Red and Black ,Swarna,150
 Karnataka,Bellary,2019,105813,427823,4.04,Red and Black ,Swarna,150
 Karnataka,Bellary,2020,97180,421999,4.34,Red and Black ,Swarna,150
 Karnataka,Bellary,2021,107105,474796,4.43,Red and Black ,Swarna,150
 Karnataka,Bellary,2022,103066,402363,3.9,Red and Black ,Swarna,150
 Karnataka,Bellary,2023,85986,393669,4.58,Red and Black ,Swarna,150
 Karnataka,Bengaluru urban,2015,950,3374,3.55,Red and Laterite,Sona Masoori,135-140
 Karnataka,Bengaluru urban,2016,716,2172,3.03,Red and Laterite,Sona Masoori,135-140
 Karnataka,Bengaluru urban,2017,296,953,3.22,Red and Laterite,Sona Masoori,135-140
 Karnataka,Bengaluru urban,2018,226,725,3.21,Red and Laterite,Sona Masoori,135-140
 Karnataka,Bengaluru urban,2019,328,1217,3.71,Red and Laterite,Sona Masoori,135-140
 Karnataka,Bengaluru urban,2020,573,2241,3.91,Red and Laterite,Sona Masoori,135-140
 Karnataka,Bengaluru urban,2021,237,930,3.92,Red and Laterite,Sona Masoori,135-140
 Karnataka,Bengaluru urban,2022,198,560,2.83,Red and Laterite,Sona Masoori,135-140
 Karnataka,Bengaluru urban,2023,158,507,3.21,Red and Laterite,Sona Masoori,135-140
 Karnataka,Bidar,2015,2063,1989,0.96,Red and Black ,Jaya,130
 Karnataka,Bidar,2016,1549,1317,0.85,Red and Black ,Jaya,130
 Karnataka,Bidar,2017,525,629,1.2,Red and Black ,Jaya,130
 Karnataka,Bidar,2018,1018,1898,1.86,Red and Black ,Jaya,130
 Karnataka,Bidar,2019,617,444,0.72,Red and Black ,Jaya,130
 Karnataka,Bidar,2020,743,832,1.12,Red and Black ,Jaya,130
 Karnataka,Bidar,2021,969,1076,1.11,Red and Black ,Jaya,130
 Karnataka,Bidar,2022,602,1008,1.67,Red and Black ,Jaya,130
 Karnataka,Bidar,2023,836,1093,1.31,Red and Black ,Jaya,130
 Karnataka,Bijapur,2015,50,153,3.06,Black,Swarna,150
 Karnataka,Bijapur,2016,51,138,2.71,Black,Swarna,150
 Karnataka,Bijapur,2017,14,39,2.79,Black,Swarna,150
 Karnataka,Bijapur,2018,30,86,2.87,Black,Swarna,150
 Karnataka,Bijapur,2019,91,259,2.85,Black,Swarna,150
 Karnataka,Bijapur,2020,108,346,3.2,Black,Swarna,150
 Karnataka,Bijapur,2021,138,455,3.3,Black,Swarna,150
 Karnataka,Bijapur,2022,125,388,3.1,Black,Swarna,150
 Karnataka,Bijapur,2023,74,246,3.32,Black,Swarna,150
 Karnataka,Chamarajanagar,2015,13739,44455,3.24,Red and Laterite,Sona Masoori,135-140
 Karnataka,Chamarajanagar,2016,13585,48900,3.6,Red and Laterite,Sona Masoori,135-140
 Karnataka,Chamarajanagar,2017,6708,14746,2.2,Red and Laterite,Sona Masoori,135-140
 Karnataka,Chamarajanagar,2018,2648,9831,3.71,Red and Laterite,Sona Masoori,135-140
 Karnataka,Chamarajanagar,2019,9790,34830,3.56,Red and Laterite,Sona Masoori,135-140
 Karnataka,Chamarajanagar,2020,6783,23282,3.43,Red and Laterite,Sona Masoori,135-140
 Karnataka,Chamarajanagar,2021,10713,32643,3.05,Red and Laterite,Sona Masoori,135-140
 Karnataka,Chamarajanagar,2022,8163,22913,2.81,Red and Laterite,Sona Masoori,135-140
 Karnataka,Chamarajanagar,2023,7982,25018,3.13,Red and Laterite,Sona Masoori,135-140
 Karnataka,Chikballapur,2015,799,1900,2.38,Red ,Swarna,
 Karnataka,Chikballapur,2016,1216,3350,2.75,Red ,Swarna,
 Karnataka,Chikballapur,2017,1392,3457,2.48,Red ,Swarna,
 Karnataka,Chikballapur,2018,243,805,3.31,Red ,Swarna,
 Karnataka,Chikballapur,2019,583,1825,3.13,Red ,Swarna,
 Karnataka,Chikballapur,2020,239,795,3.33,Red ,Swarna,
 Karnataka,Chikballapur,2021,2058,6664,3.24,Red ,Swarna,
 Karnataka,Chikballapur,2022,3557,10175,2.86,Red ,Swarna,
 Karnataka,Chikballapur,2023,1436,3641,2.54,Red ,Swarna,
 Karnataka,Chikmagalur,2015,37327,97056,2.6,Red and Black , Sona Masoori ,135-140
 Karnataka,Chikmagalur,2016,32219,86223,2.68,Red and Black , Sona Masoori ,135-140
 Karnataka,Chikmagalur,2017,29637,70867,2.39,Red and Black , Sona Masoori ,135-140
 Karnataka,Chikmagalur,2018,24094,57658,2.39,Red and Black , Sona Masoori ,135-140
 Karnataka,Chikmagalur,2019,17525,42155,2.41,Red and Black , Sona Masoori ,135-140
 Karnataka,Chikmagalur,2020,14399,36236,2.52,Red and Black , Sona Masoori ,135-140
 Karnataka,Chikmagalur,2021,13557,36143,2.67,Red and Black , Sona Masoori ,135-140
 Karnataka,Chikmagalur,2022,10524,26464,2.51,Red and Black , Sona Masoori ,135-140
 Karnataka,Chikmagalur,2023,8775,21310,2.43,Red and Black , Sona Masoori ,135-140
 Karnataka, Chitradurga,2015,1048,2376,2.27,Red and Black ,Swarna,150
 Karnataka, Chitradurga,2016,847,2032,2.4,Red and Black ,Swarna,150
 Karnataka, Chitradurga,2017,798,1528,1.91,Red and Black ,Swarna,150
 Karnataka, Chitradurga,2018,355,936,2.64,Red and Black ,Swarna,150
 Karnataka, Chitradurga,2019,774,1417,1.83,Red and Black ,Swarna,150
 Karnataka, Chitradurga,2020,96,216,2.25,Red and Black ,Swarna,150
 Karnataka, Chitradurga,2021,1227,2950,2.4,Red and Black ,Swarna,150
 Karnataka, Chitradurga,2022,1223,2302,1.88,Red and Black ,Swarna,150
 Karnataka, Chitradurga,2023,465,798,1.72,Red and Black ,Swarna,150
 Karnataka, Dakshin kannad,2015,29749,78228,2.63,Laterite and Alluvial,Sona Masoori,135-140
 Karnataka, Dakshin kannad,2016,28029,76208,2.72,Laterite and Alluvial,Sona Masoori,135-140
 Karnataka, Dakshin kannad,2017,28540,88876,3.11,Laterite and Alluvial,Sona Masoori,135-140
 Karnataka, Dakshin kannad,2018,23343,65884,2.82,Laterite and Alluvial,Sona Masoori,135-140
 Karnataka, Dakshin kannad,2019,6018,18032,3,Laterite and Alluvial,Sona Masoori,135-140
 Karnataka, Dakshin kannad,2020,10260,29455,2.87,Laterite and Alluvial,Sona Masoori,135-140
 Karnataka, Dakshin kannad,2021,6898,20004,2.9,Laterite and Alluvial,Sona Masoori,135-140
 Karnataka, Dakshin kannad,2022,6139,18016,2.93,Laterite and Alluvial,Sona Masoori,135-140
 Karnataka, Dakshin kannad,2023,6062,17860,2.95,Laterite and Alluvial,Sona Masoori,135-140
 Karnataka,Davangere,2015,75259,262676,3.49,Red and Black ,Swarna,150
 Karnataka,Davangere,2016,72469,278618,3.84,Red and Black ,Swarna,150
 Karnataka,Davangere,2017,70623,225294,3.19,Red and Black ,Swarna,150
 Karnataka,Davangere,2018,15875,54006,3.4,Red and Black ,Swarna,150
 Karnataka,Davangere,2019,73711,223171,3.03,Red and Black ,Swarna,150
 Karnataka,Davangere,2020,69724,232760,3.34,Red and Black ,Swarna,150
 Karnataka,Davangere,2021,66749,248707,3.73,Red and Black ,Swarna,150
 Karnataka,Davangere,2022,66436,249969,3.76,Red and Black ,Swarna,150
 Karnataka,Davangere,2023,61130,228212,3.73,Red and Black ,Swarna,150
 Karnataka,Dharwad,2015,20554,32589,1.59,Red and Black ,Swarna,150
 Karnataka,Dharwad,2016,23897,7287,0.3,Red and Black ,Swarna,150
 Karnataka,Dharwad,2017,21903,11174,0.51,Red and Black ,Swarna,150
 Karnataka,Dharwad,2018,22416,13246,0.59,Red and Black ,Swarna,150
 Karnataka,Dharwad,2019,11103,10105,0.91,Red and Black ,Swarna,150
 Karnataka,Dharwad,2020,9965,12212,1.23,Red and Black ,Swarna,150
 Karnataka,Dharwad,2021,12289,16357,1.33,Red and Black ,Swarna,150
 Karnataka,Dharwad,2022,12788,16172,1.26,Red and Black ,Swarna,150
 Karnataka,Dharwad,2023,8806,12758,1.45,Red and Black ,Swarna,150
 Karnataka,Gadag,2015,1044,2594,2.48, Black and Red ,Sona Masoori,135-140
 Karnataka,Gadag,2016,879,2834,3.22, Black and Red ,Sona Masoori,135-140
 Karnataka,Gadag,2017,1144,3532,3.09, Black and Red ,Sona Masoori,135-140
 Karnataka,Gadag,2018,1321,4523,3.42, Black and Red ,Sona Masoori,135-140
 Karnataka,Gadag,2019,2482,6312,2.54, Black and Red ,Sona Masoori,135-140
 Karnataka,Gadag,2020,3222,9526,2.96, Black and Red ,Sona Masoori,135-140
 Karnataka,Gadag,2021,3290,7883,2.4, Black and Red ,Sona Masoori,135-140
 Karnataka,Gadag,2022,3474,7814,2.25, Black and Red ,Sona Masoori,135-140
 Karnataka,Gadag,2023,2956,9938,3.36, Black and Red ,Sona Masoori,135-140
 Karnataka,Gulbarga,2015,1556,2887,1.86,Black,Jaya,130
 Karnataka,Gulbarga,2016,3720,8065,2.17,Black,Jaya,130
 Karnataka,Gulbarga,2017,3537,13760,3.89,Black,Jaya,130
 Karnataka,Gulbarga,2018,2800,10637,3.8,Black,Jaya,130
 Karnataka,Gulbarga,2019,7945,25179,3.17,Black,Jaya,130
 Karnataka,Gulbarga,2020,7040,26050,3.7,Black,Jaya,130
 Karnataka,Gulbarga,2021,8516,27788,3.26,Black,Jaya,130
 Karnataka,Gulbarga,2022,8728,35098,4.02,Black,Jaya,130
 Karnataka,Gulbarga,2023,7847,34355,4.38,Black,Jaya,130
 Karnataka,Hassan,2015,45653,140563,3.08,Laterite and Red, Sona Masoori ,135-140
 Karnataka,Hassan,2016,41719,114341,2.74,Laterite and Red, Sona Masoori ,135-140
 Karnataka,Hassan,2017,25838,52504,2.03,Laterite and Red, Sona Masoori ,135-140
 Karnataka,Hassan,2018,21016,67562,3.21,Laterite and Red, Sona Masoori ,135-140
 Karnataka,Hassan,2019,46250,109053,2.36,Laterite and Red, Sona Masoori ,135-140
 Karnataka,Hassan,2020,42301,124617,2.95,Laterite and Red, Sona Masoori ,135-140
 Karnataka,Hassan,2021,38962,96976,2.49,Laterite and Red, Sona Masoori ,135-140
 Karnataka,Hassan,2022,34413,79877,2.32,Laterite and Red, Sona Masoori ,135-140
 Karnataka,Hassan,2023,31661,74609,2.36,Laterite and Red, Sona Masoori ,135-140
 Karnataka, Haveri,2015,39894,99031,2.48,Red and Black ,Swarna,150
 Karnataka, Haveri,2016,38857,39609,1.02,Red and Black ,Swarna,150
 Karnataka, Haveri,2017,32015,32999,1.03,Red and Black ,Swarna,150
 Karnataka, Haveri,2018,23672,43762,1.85,Red and Black ,Swarna,150
 Karnataka, Haveri,2019,31892,43446,1.36,Red and Black ,Swarna,150
 Karnataka, Haveri,2020,29195,45763,1.57,Red and Black ,Swarna,150
 Karnataka, Haveri,2021,33716,76738,2.28,Red and Black ,Swarna,150
 Karnataka, Haveri,2022,31076,51964,1.67,Red and Black ,Swarna,150
 Karnataka, Haveri,2023,27869,49558,1.78,Red and Black ,Swarna,150
 Karnataka,Kodagu,2015,30899,86741,2.81,Laterite and Forest,Sona Masoori,135-140
 Karnataka,Kodagu,2016,28285,76340,2.7,Laterite and Forest,Sona Masoori,135-140
 Karnataka,Kodagu,2017,27890,67828,2.43,Laterite and Forest,Sona Masoori,135-140
 Karnataka,Kodagu,2018,27154,64207,2.36,Laterite and Forest,Sona Masoori,135-140
 Karnataka,Kodagu,2019,19006,53228,2.8,Laterite and Forest,Sona Masoori,135-140
 Karnataka,Kodagu,2020,27848,71298,2.56,Laterite and Forest,Sona Masoori,135-140
 Karnataka,Kodagu,2021,21328,56370,2.64,Laterite and Forest,Sona Masoori,135-140
 Karnataka,Kodagu,2022,19801,52380,2.65,Laterite and Forest,Sona Masoori,135-140
 Karnataka,Kodagu,2023,13171,33858,2.57,Laterite and Forest,Sona Masoori,135-140
 Karnataka,Kolar,2015,344,873,2.54,Red and Black ,Sona,135-140
 Karnataka,Kolar,2016,395,611,1.55,Red and Black ,Sona,135-140
 Karnataka,Kolar,2017,1232,2385,1.94,Red and Black ,Sona,135-140
 Karnataka,Kolar,2018,753,2366,3.14,Red and Black ,Sona,135-140
 Karnataka,Kolar,2019,3223,6026,1.87,Red and Black ,Sona,135-140
 Karnataka,Kolar,2020,1148,2732,2.38,Red and Black ,Sona,135-140
 Karnataka,Kolar,2021,3830,10724,2.8,Red and Black ,Sona,135-140
 Karnataka,Kolar,2022,3860,7812,2.02,Red and Black ,Sona,135-140
 Karnataka,Kolar,2023,2661,6584,2.47,Red and Black ,Sona,135-140
 Karnataka,Koppal,2015,39439,145559,3.69,Black,Swarna,150
 Karnataka,Koppal,2016,40917,145767,3.56,Black,Swarna,150
 Karnataka,Koppal,2017,36777,132066,3.59,Black,Swarna,150
 Karnataka,Koppal,2018,36285,171009,4.71,Black,Swarna,150
 Karnataka,Koppal,2019,60971,202555,3.32,Black,Swarna,150
 Karnataka,Koppal,2020,56290,224490,3.99,Black,Swarna,150
 Karnataka,Koppal,2021,60673,242146,3.99,Black,Swarna,150
 Karnataka,Koppal,2022,57946,194102,3.35,Black,Swarna,150
 Karnataka,Koppal,2023,58477,236793,4.05,Black,Swarna,150
 Karnataka, Mandya,2015,51037,189916,3.72,Red and Black ,Sona Masoori,135-140
 Karnataka, Mandya,2016,52495,194294,3.7,Red and Black ,Sona Masoori,135-140
 Karnataka, Mandya,2017,43488,113075,2.6,Red and Black ,Sona Masoori,135-140
 Karnataka, Mandya,2018,12366,34526,2.79,Red and Black ,Sona Masoori,135-140
 Karnataka, Mandya,2019,58464,188561,3.23,Red and Black ,Sona Masoori,135-140
 Karnataka, Mandya,2020,52192,156680,3,Red and Black ,Sona Masoori,135-140
 Karnataka, Mandya,2021,57238,179269,3.13,Red and Black ,Sona Masoori,135-140
 Karnataka, Mandya,2022,55751,168081,3.01,Red and Black ,Sona Masoori,135-140
 Karnataka, Mandya,2023,59183,174954,2.96,Red and Black ,Sona Masoori,135-140
 Karnataka, Mysore,2015,94359,319929,3.39,Red and Laterite,Sona Masoori,135-140
 Karnataka, Mysore,2016,88740,300709,3.39,Red and Laterite,Sona Masoori,135-140
 Karnataka, Mysore,2017,64775,186578,2.88,Red and Laterite,Sona Masoori,135-140
 Karnataka, Mysore,2018,57177,175013,3.06,Red and Laterite,Sona Masoori,135-140
 Karnataka, Mysore,2019,91304,274615,3.01,Red and Laterite,Sona Masoori,135-140
 Karnataka, Mysore,2020,76138,239705,3.15,Red and Laterite,Sona Masoori,135-140
 Karnataka, Mysore,2021,76458,231515,3.03,Red and Laterite,Sona Masoori,135-140
 Karnataka, Mysore,2022,79937,251926,3.15,Red and Laterite,Sona Masoori,135-140
 Karnataka, Mysore,2023,84130,258745,3.08,Red and Laterite,Sona Masoori,135-140
 Karnataka, Raichur,2015,97935,320982,3.28,Black,Swarna,
 Karnataka, Raichur,2016,104129,328423,3.15,Black,Swarna,
 Karnataka, Raichur,2017,109850,441954,4.02,Black,Swarna,
 Karnataka, Raichur,2018,90242,260533,2.89,Black,Swarna,
 Karnataka, Raichur,2019,162181,434791,2.68,Black,Swarna,
 Karnataka, Raichur,2020,143692,510947,3.56,Black,Swarna,
 Karnataka, Raichur,2021,187324,723258,3.86,Black,Swarna,
 Karnataka, Raichur,2022,186825,582937,3.12,Black,Swarna,
 Karnataka, Raichur,2023,170697,683359,4,Black,Swarna,
 Karnataka, Ramanagara,2015,4617,10759,2.33,Red and Laterite,Sona Masoori,135-140
 Karnataka, Ramanagara,2016,4092,9466,2.31,Red and Laterite,Sona Masoori,135-140
 Karnataka, Ramanagara,2017,3967,6467,1.63,Red and Laterite,Sona Masoori,135-140
 Karnataka, Ramanagara,2018,4028,11629,2.89,Red and Laterite,Sona Masoori,135-140
 Karnataka, Ramanagara,2019,3024,6610,2.19,Red and Laterite,Sona Masoori,135-140
 Karnataka, Ramanagara,2020,2463,7815,3.17,Red and Laterite,Sona Masoori,135-140
 Karnataka, Ramanagara,2021,3437,9335,2.72,Red and Laterite,Sona Masoori,135-140
 Karnataka, Ramanagara,2022,2974,8344,2.81,Red and Laterite,Sona Masoori,135-140
 Karnataka, Ramanagara,2023,2962,7621,2.57,Red and Laterite,Sona Masoori,135-140
 Karnataka, Shimoga,2015,105581,313744,2.97,Laterite and Forest,Coarse,135
 Karnataka, Shimoga,2016,101920,262103,2.57,Laterite and Forest,Coarse,135
 Karnataka, Shimoga,2017,100726,207455,2.06,Laterite and Forest,Coarse,135
 Karnataka, Shimoga,2018,84105,205103,2.44,Laterite and Forest,Coarse,135
 Karnataka, Shimoga,2019,85248,216151,2.54,Laterite and Forest,Coarse,135
 Karnataka, Shimoga,2020,82004,225376,2.75,Laterite and Forest,Coarse,135
 Karnataka, Shimoga,2021,76005,210002,2.76,Laterite and Forest,Coarse,135
 Karnataka, Shimoga,2022,73635,194838,2.65,Laterite and Forest,Coarse,135
 Karnataka, Shimoga,2023,70613,179305,2.54,Laterite and Forest,Coarse,135
 Karnataka, Tumkur,2015,7636,22713,2.97,Red and Laterite,Sona Masoori,135-140
 Karnataka, Tumkur,2016,7437,20821,2.8,Red and Laterite,Sona Masoori,135-140
 Karnataka, Tumkur,2017,10508,25456,2.42,Red and Laterite,Sona Masoori,135-140
 Karnataka, Tumkur,2018,4289,10802,2.52,Red and Laterite,Sona Masoori,135-140
 Karnataka, Tumkur,2019,6432,17152,2.67,Red and Laterite,Sona Masoori,135-140
 Karnataka, Tumkur,2020,1493,4437,2.97,Red and Laterite,Sona Masoori,135-140
 Karnataka, Tumkur,2021,3387,9985,2.95,Red and Laterite,Sona Masoori,135-140
 Karnataka, Tumkur,2022,2989,7209,2.41,Red and Laterite,Sona Masoori,135-140
 Karnataka, Tumkur,2023,3341,8512,2.55,Red and Laterite,Sona Masoori,135-140
 Karnataka,Udupi,2015,43013,119359,2.77,Alluvial and Laterite,Sona Masoori,135-140
 Karnataka,Udupi,2016,43209,109928,2.54,Alluvial and Laterite,Sona Masoori,135-140
 Karnataka,Udupi,2017,43506,118991,2.74,Alluvial and Laterite,Sona Masoori,135-140
 Karnataka,Udupi,2018,42553,131382,3.09,Alluvial and Laterite,Sona Masoori,135-140
 Karnataka,Udupi,2019,30928,91112,2.95,Alluvial and Laterite,Sona Masoori,135-140
 Karnataka,Udupi,2020,34553,99526,2.88,Alluvial and Laterite,Sona Masoori,135-140
 Karnataka,Udupi,2021,35285,102327,2.9,Alluvial and Laterite,Sona Masoori,135-140
 Karnataka,Udupi,2022,36987,110499,2.99,Alluvial and Laterite,Sona Masoori,135-140
 Karnataka,Udupi,2023,35065,102676,2.93,Alluvial and Laterite,Sona Masoori,135-140
 Karnataka,Uttar kannad,2015,65865,145604,2.21,Laterite and Alluvial,Swarna,150
 Karnataka,Uttar kannad,2016,65275,106597,1.63,Laterite and Alluvial,Swarna,150
 Karnataka,Uttar kannad,2017,64838,126334,1.95,Laterite and Alluvial,Swarna,150
 Karnataka,Uttar kannad,2018,60935,119597,1.96,Laterite and Alluvial,Swarna,150
 Karnataka,Uttar kannad,2019,52158,108713,2.08,Laterite and Alluvial,Swarna,150
 Karnataka,Uttar kannad,2020,46275,105639,2.28,Laterite and Alluvial,Swarna,150
 Karnataka,Uttar kannad,2021,45554,97486,2.14,Laterite and Alluvial,Swarna,150
 Karnataka,Uttar kannad,2022,44500,97296,2.19,Laterite and Alluvial,Swarna,150
 Karnataka,Uttar kannad,2023,38053,79648,2.09,Laterite and Alluvial,Swarna,150
 Karnataka,Vijayanagar,2023,13550,55196,4.07, Black and Red ,Swarna,150
 Karnataka, Yadgir,2015,51456,146014,2.84,Black,Jaya,130
 Karnataka, Yadgir,2016,42891,89398,2.08,Black,Jaya,130
 Karnataka, Yadgir,2017,61780,209292,3.39,Black,Jaya,130
 Karnataka, Yadgir,2018,57955,220339,3.8,Black,Jaya,130
 Karnataka, Yadgir,2019,95558,268891,2.81,Black,Jaya,130
 Karnataka, Yadgir,2020,87474,321847,3.68,Black,Jaya,130
 Karnataka, Yadgir,2021,100114,328975,3.29,Black,Jaya,130
 Karnataka, Yadgir,2022,95695,346206,3.62,Black,Jaya,130
 Karnataka, Yadgir,2023,89638,317655,3.54,Black,Jaya,130
Tamil Nadu,Ariyalur,2015,23108,116239,5.03,Red and Alluvial,Sona Masoori,135-140
Tamil Nadu,Ariyalur,2016,24408,124179,5.09,Red and Alluvial,Sona Masoori,135-140
Tamil Nadu,Ariyalur,2017,15398,44524,2.89,Red and Alluvial,Sona Masoori,135-140
Tamil Nadu,Ariyalur,2018,732,3064,4.19,Red and Alluvial,Sona Masoori,135-140
Tamil Nadu,Ariyalur,2019,20379,79599,3.91,Red and Alluvial,Sona Masoori,135-140
Tamil Nadu,Ariyalur,2020,1907000,7265000,3.809,Red and Alluvial,Sona Masoori,135-140
Tamil Nadu,Ariyalur,2021,2036000,6881000,3.38,Red and Alluvial,Sona Masoori,135-140
Tamil Nadu,Ariyalur,2022,2217000,7906000,3.57,Red and Alluvial,Sona Masoori,135-140
Tamil Nadu,Ariyalur,2023,2159000,7557000,3.5,Red and Alluvial,Sona Masoori,135-140
Tamil Nadu,Coimbatore,2015,2166,9969,4.6,Red and Black ,Sona Masoori,135-140
Tamil Nadu,Coimbatore,2016,2034,7942,3.9,Red and Black ,Sona Masoori,135-140
Tamil Nadu,Coimbatore,2017,872,3518,4.03,Red and Black ,Sona Masoori,135-140
Tamil Nadu,Coimbatore,2018,732,3064,4.19,Red and Black ,Sona Masoori,135-140
Tamil Nadu,Coimbatore,2019,20379,79599,3.91,Red and Black ,Sona Masoori,135-140
Tamil Nadu,Coimbatore,2020,1907000,7265000,3.809,Red and Black ,Sona Masoori,135-140
Tamil Nadu,Coimbatore,2021,2036000,6881000,3.38,Red and Black ,Sona Masoori,135-140
Tamil Nadu,Coimbatore,2022,2217000,7906000,3.57,Red and Black ,Sona Masoori,135-140
Tamil Nadu,Coimbatore,2023,2159000,7557000,3.5,Red and Black ,Sona Masoori,135-140
Tamil Nadu,Cuddalore,2015,134677,641958,4.77,Alluvial and Red,Swarna,150
Tamil Nadu,Cuddalore,2016,139987,507130,3.62,Alluvial and Red,Swarna,150
Tamil Nadu,Cuddalore,2017,131906,459908,3.49,Alluvial and Red,Swarna,150
Tamil Nadu,Cuddalore,2018,732,3064,4.19,Alluvial and Red,Swarna,150
Tamil Nadu,Cuddalore,2019,20379,79599,3.91,Alluvial and Red,Swarna,150
Tamil Nadu,Cuddalore,2020,1907000,7265000,3.809,Alluvial and Red,Swarna,150
Tamil Nadu,Cuddalore,2021,2036000,6881000,3.38,Alluvial and Red,Swarna,150
Tamil Nadu,Cuddalore,2022,2217000,7906000,3.57,Alluvial and Red,Swarna,150
Tamil Nadu,Cuddalore,2023,2159000,7557000,3.5,Alluvial and Red,Swarna,150
Tamil Nadu,Dharmapuri,2015,18303,95163,5.2,Red ,Swarna,150
Tamil Nadu,Dharmapuri,2016,33349,149426,4.48,Red ,Swarna,150
Tamil Nadu,Dharmapuri,2017,11432,42883,3.75,Red ,Swarna,150
Tamil Nadu,Dharmapuri,2018,732,3064,4.19,Red ,Swarna,150
Tamil Nadu,Dharmapuri,2019,20379,79599,3.91,Red ,Swarna,150
Tamil Nadu,Dharmapuri,2020,1907000,7265000,3.809,Red ,Swarna,150
Tamil Nadu,Dharmapuri,2021,2036000,6881000,3.38,Red ,Swarna,150
Tamil Nadu,Dharmapuri,2022,2217000,7906000,3.57,Red ,Swarna,150
Tamil Nadu,Dharmapuri,2023,2159000,7557000,3.5,Red ,Swarna,150
Tamil Nadu,Dindigul,2015,12071,70676,5.86,Red ,Sona Masoori,135-140
Tamil Nadu,Dindigul,2016,14989,71945,4.8,Red ,Sona Masoori,135-140
Tamil Nadu,Dindigul,2017,1522,4506,2.96,Red ,Sona Masoori,135-140
Tamil Nadu,Dindigul,2018,732,3064,4.19,Red ,Sona Masoori,135-140
Tamil Nadu,Dindigul,2019,20379,79599,3.91,Red ,Sona Masoori,135-140
Tamil Nadu,Dindigul,2020,1907000,7265000,3.809,Red ,Sona Masoori,135-140
Tamil Nadu,Dindigul,2021,2036000,6881000,3.38,Red ,Sona Masoori,135-140
Tamil Nadu,Dindigul,2022,2217000,7906000,3.57,Red ,Sona Masoori,135-140
Tamil Nadu,Dindigul,2023,2159000,7557000,3.5,Red ,Sona Masoori,135-140
Tamil Nadu,Erode,2015,37192,176997,4.76,Red and Black ,Swarna,150
Tamil Nadu,Erode,2016,34339,146570,4.27,Red and Black ,Swarna,150
Tamil Nadu,Erode,2017,695,1568,2.26,Red and Black ,Swarna,150
Tamil Nadu,Erode,2018,732,3064,4.19,Red and Black ,Swarna,150
Tamil Nadu,Erode,2019,20379,79599,3.91,Red and Black ,Swarna,150
Tamil Nadu,Erode,2020,1907000,7265000,3.809,Red and Black ,Swarna,150
Tamil Nadu,Erode,2021,2036000,6881000,3.38,Red and Black ,Swarna,150
Tamil Nadu,Erode,2022,2217000,7906000,3.57,Red and Black ,Swarna,150
Tamil Nadu,Erode,2023,2159000,7557000,3.5,Red and Black ,Swarna,150
Tamil Nadu,Kanchipuram,2015,61881,289904,4.68,Red and Black ,Sona Masoori,135-140
Tamil Nadu,Kanchipuram,2016,97738,415302,4.25,Red and Black ,Sona Masoori,135-140
Tamil Nadu,Kanchipuram,2017,72617,288044,3.97,Red and Black ,Sona Masoori,135-140
Tamil Nadu,Kanchipuram,2018,732,3064,4.19,Red and Black ,Sona Masoori,135-140
Tamil Nadu,Kanchipuram,2019,20379,79599,3.91,Red and Black ,Sona Masoori,135-140
Tamil Nadu,Kanchipuram,2020,1907000,7265000,3.809,Red and Black ,Sona Masoori,135-140
Tamil Nadu,Kanchipuram,2021,2036000,6881000,3.38,Red and Black ,Sona Masoori,135-140
Tamil Nadu,Kanchipuram,2022,2217000,7906000,3.57,Red and Black ,Sona Masoori,135-140
Tamil Nadu,Kanchipuram,2023,2159000,7557000,3.5,Red and Black ,Sona Masoori,135-140
Tamil Nadu,Kanniyakumari,2015,13176,66943,5.08,Laterite and Alluvial,Sona Masoori,135-140
Tamil Nadu,Kanniyakumari,2016,12957,55789,4.31,Laterite and Alluvial,Sona Masoori,135-140
Tamil Nadu,Kanniyakumari,2017,12156,48670,4,Laterite and Alluvial,Sona Masoori,135-140
Tamil Nadu,Kanniyakumari,2018,732,3064,4.19,Laterite and Alluvial,Sona Masoori,135-140
Tamil Nadu,Kanniyakumari,2019,20379,79599,3.91,Laterite and Alluvial,Sona Masoori,135-140
Tamil Nadu,Kanniyakumari,2020,1907000,7265000,3.809,Laterite and Alluvial,Sona Masoori,135-140
Tamil Nadu,Kanniyakumari,2021,2036000,6881000,3.38,Laterite and Alluvial,Sona Masoori,135-140
Tamil Nadu,Kanniyakumari,2022,2217000,7906000,3.57,Laterite and Alluvial,Sona Masoori,135-140
Tamil Nadu,Kanniyakumari,2023,2159000,7557000,3.5,Laterite and Alluvial,Sona Masoori,135-140
Tamil Nadu, Karur,2015,13445,68608,5.1,Red ,Swarna,150
Tamil Nadu, Karur,2016,13276,52886,3.98,Red ,Swarna,150
Tamil Nadu, Karur,2017,3672,10792,2.94,Red ,Swarna,150
Tamil Nadu, Karur,2018,732,3064,4.19,Red ,Swarna,150
Tamil Nadu, Karur,2019,20379,79599,3.91,Red ,Swarna,150
Tamil Nadu, Karur,2020,1907000,7265000,3.809,Red ,Swarna,150
Tamil Nadu, Karur,2021,2036000,6881000,3.38,Red ,Swarna,150
Tamil Nadu, Karur,2022,2217000,7906000,3.57,Red ,Swarna,150
Tamil Nadu, Karur,2023,2159000,7557000,3.5,Red ,Swarna,150
Tamil Nadu, Krishnagiri,2015,19264,94094,4.88,Red ,Sona Masoori,135-140
Tamil Nadu, Krishnagiri,2016,22805,102306,4.49,Red ,Sona Masoori,135-140
Tamil Nadu, Krishnagiri,2017,15987,69583,4.35,Red ,Sona Masoori,135-140
Tamil Nadu, Krishnagiri,2018,732,3064,4.19,Red ,Sona Masoori,135-140
Tamil Nadu, Krishnagiri,2019,20379,79599,3.91,Red ,Sona Masoori,135-140
Tamil Nadu, Krishnagiri,2020,1907000,7265000,3.809,Red ,Sona Masoori,135-140
Tamil Nadu, Krishnagiri,2021,2036000,6881000,3.38,Red ,Sona Masoori,135-140
Tamil Nadu, Krishnagiri,2022,2217000,7906000,3.57,Red ,Sona Masoori,135-140
Tamil Nadu, Krishnagiri,2023,2159000,7557000,3.5,Red ,Sona Masoori,135-140
Tamil Nadu,Madurai,2015,47717,197498,4.14,Red and Alluvial,Ponni,140
Tamil Nadu,Madurai,2016,55983,203670,3.64,Red and Alluvial,Ponni,140
Tamil Nadu,Madurai,2017,10407,34120,3.28,Red and Alluvial,Ponni,140
Tamil Nadu,Madurai,2018,732,3064,4.19,Red and Alluvial,Ponni,140
Tamil Nadu,Madurai,2019,20379,79599,3.91,Red and Alluvial,Ponni,140
Tamil Nadu,Madurai,2020,1907000,7265000,3.809,Red and Alluvial,Ponni,140
Tamil Nadu,Madurai,2021,2036000,6881000,3.38,Red and Alluvial,Ponni,140
Tamil Nadu,Madurai,2022,2217000,7906000,3.57,Red and Alluvial,Ponni,140
Tamil Nadu,Madurai,2023,2159000,7557000,3.5,Red and Alluvial,Ponni,140
Tamil Nadu,Nagapattinam,2015,159499,579962,3.64,Alluvial ,Swarna,150
Tamil Nadu,Nagapattinam,2016,163794,338260,2.07,Alluvial ,Swarna,150
Tamil Nadu,Nagapattinam,2017,166312,263320,1.58,Alluvial ,Swarna,150
Tamil Nadu,Nagapattinam,2018,732,3064,4.19,Alluvial ,Swarna,150
Tamil Nadu,Nagapattinam,2019,20379,79599,3.91,Alluvial ,Swarna,150
Tamil Nadu,Nagapattinam,2020,1907000,7265000,3.809,Alluvial ,Swarna,150
Tamil Nadu,Nagapattinam,2021,2036000,6881000,3.38,Alluvial ,Swarna,150
Tamil Nadu,Nagapattinam,2022,2217000,7906000,3.57,Alluvial ,Swarna,150
Tamil Nadu,Nagapattinam,2023,2159000,7557000,3.5,Alluvial ,Swarna,150
Tamil Nadu,Namakkal,2015,10416,53325,5.12,Red and Alluvial,Swarna,150
Tamil Nadu,Namakkal,2016,11983,60391,5.04,Red and Alluvial,Swarna,150
Tamil Nadu,Namakkal,2017,2188,7133,3.26,Red and Alluvial,Swarna,150
Tamil Nadu,Namakkal,2018,732,3064,4.19,Red and Alluvial,Swarna,150
Tamil Nadu,Namakkal,2019,20379,79599,3.91,Red and Alluvial,Swarna,150
Tamil Nadu,Namakkal,2020,1907000,7265000,3.809,Red and Alluvial,Swarna,150
Tamil Nadu,Namakkal,2021,2036000,6881000,3.38,Red and Alluvial,Swarna,150
Tamil Nadu,Namakkal,2022,2217000,7906000,3.57,Red and Alluvial,Swarna,150
Tamil Nadu,Namakkal,2023,2159000,7557000,3.5,Red and Alluvial,Swarna,150
Tamil Nadu,Perambalur,2015,8994,43431,4.83,Red ,Sona Masoori,135-140
Tamil Nadu,Perambalur,2016,14089,64208,4.56,Red ,Sona Masoori,135-140
Tamil Nadu,Perambalur,2017,3319,9439,2.84,Red ,Sona Masoori,135-140
Tamil Nadu,Perambalur,2018,732,3064,4.19,Red ,Sona Masoori,135-140
Tamil Nadu,Perambalur,2019,20379,79599,3.91,Red ,Sona Masoori,135-140
Tamil Nadu,Perambalur,2020,1907000,7265000,3.809,Red ,Sona Masoori,135-140
Tamil Nadu,Perambalur,2021,2036000,6881000,3.38,Red ,Sona Masoori,135-140
Tamil Nadu,Perambalur,2022,2217000,7906000,3.57,Red ,Sona Masoori,135-140
Tamil Nadu,Perambalur,2023,2159000,7557000,3.5,Red ,Sona Masoori,135-140
Tamil Nadu,Pudukkottai,2015,67238,279126,4.15,Red and Alluvial,Swarna,150
Tamil Nadu,Pudukkottai,2016,73625,258976,3.52,Red and Alluvial,Swarna,150
Tamil Nadu,Pudukkottai,2017,69142,73659,1.07,Red and Alluvial,Swarna,150
Tamil Nadu,Pudukkottai,2018,732,3064,4.19,Red and Alluvial,Swarna,150
Tamil Nadu,Pudukkottai,2019,20379,79599,3.91,Red and Alluvial,Swarna,150
Tamil Nadu,Pudukkottai,2020,1907000,7265000,3.809,Red and Alluvial,Swarna,150
Tamil Nadu,Pudukkottai,2021,2036000,6881000,3.38,Red and Alluvial,Swarna,150
Tamil Nadu,Pudukkottai,2022,2217000,7906000,3.57,Red and Alluvial,Swarna,150
Tamil Nadu,Pudukkottai,2023,2159000,7557000,3.5,Red and Alluvial,Swarna,150
Tamil Nadu,Ramanathapuram,2015,116867,423162,3.62,Red ,Sona Masoori,135-140
Tamil Nadu,Ramanathapuram,2016,116582,303463,2.6,Red ,Sona Masoori,135-140
Tamil Nadu,Ramanathapuram,2017,121849,244,0,Red ,Sona Masoori,135-140
Tamil Nadu,Ramanathapuram,2018,732,3064,4.19,Red ,Sona Masoori,135-140
Tamil Nadu,Ramanathapuram,2019,20379,79599,3.91,Red ,Sona Masoori,135-140
Tamil Nadu,Ramanathapuram,2020,1907000,7265000,3.809,Red ,Sona Masoori,135-140
Tamil Nadu,Ramanathapuram,2021,2036000,6881000,3.38,Red ,Sona Masoori,135-140
Tamil Nadu,Ramanathapuram,2022,2217000,7906000,3.57,Red ,Sona Masoori,135-140
Tamil Nadu,Ramanathapuram,2023,2159000,7557000,3.5,Red ,Sona Masoori,135-140
Tamil Nadu,Salem,2015,19343,102748,5.31,Red and Black ,Swarna,150
Tamil Nadu,Salem,2016,24714,122541,4.96,Red and Black ,Swarna,150
Tamil Nadu,Salem,2017,5024,18415,3.67,Red and Black ,Swarna,150
Tamil Nadu,Salem,2018,732,3064,4.19,Red and Black ,Swarna,150
Tamil Nadu,Salem,2019,20379,79599,3.91,Red and Black ,Swarna,150
Tamil Nadu,Salem,2020,1907000,7265000,3.809,Red and Black ,Swarna,150
Tamil Nadu,Salem,2021,2036000,6881000,3.38,Red and Black ,Swarna,150
Tamil Nadu,Salem,2022,2217000,7906000,3.57,Red and Black ,Swarna,150
Tamil Nadu,Salem,2023,2159000,7557000,3.5,Red and Black ,Swarna,150
Tamil Nadu, Sivaganga,2015,65087,224876,3.46,Red ,Sona Masoori,135-140
Tamil Nadu, Sivaganga,2016,67207,189480,2.82,Red ,Sona Masoori,135-140
Tamil Nadu, Sivaganga,2017,65207,42855,0.66,Red ,Sona Masoori,135-140
Tamil Nadu, Sivaganga,2018,732,3064,4.19,Red ,Sona Masoori,135-140
Tamil Nadu, Sivaganga,2019,20379,79599,3.91,Red ,Sona Masoori,135-140
Tamil Nadu, Sivaganga,2020,1907000,7265000,3.809,Red ,Sona Masoori,135-140
Tamil Nadu, Sivaganga,2021,2036000,6881000,3.38,Red ,Sona Masoori,135-140
Tamil Nadu, Sivaganga,2022,2217000,7906000,3.57,Red ,Sona Masoori,135-140
Tamil Nadu, Sivaganga,2023,2159000,7557000,3.5,Red ,Sona Masoori,135-140
Tamil Nadu,Thanjavur,2015,177756,696193,3.92,Alluvial and Black,Ponni,140
Tamil Nadu,Thanjavur,2016,177426,636999,3.59,Alluvial and Black,Ponni,140
Tamil Nadu,Thanjavur,2017,147193,410117,2.79,Alluvial and Black,Ponni,140
Tamil Nadu,Thanjavur,2018,732,3064,4.19,Alluvial and Black,Ponni,140
Tamil Nadu,Thanjavur,2019,20379,79599,3.91,Alluvial and Black,Ponni,140
Tamil Nadu,Thanjavur,2020,1907000,7265000,3.809,Alluvial and Black,Ponni,140
Tamil Nadu,Thanjavur,2021,2036000,6881000,3.38,Alluvial and Black,Ponni,140
Tamil Nadu,Thanjavur,2022,2217000,7906000,3.57,Alluvial and Black,Ponni,140
Tamil Nadu,Thanjavur,2023,2159000,7557000,3.5,Alluvial and Black,Ponni,140
Tamil Nadu,The nilgiris,2015,32,150,4.69,Laterite and Forest,Sona Masoori,135-140
Tamil Nadu,The nilgiris,2016,318,1418,4.46,Laterite and Forest,Sona Masoori,135-140
Tamil Nadu,The nilgiris,2017,243,1043,4.29,Laterite and Forest,Sona Masoori,135-140
Tamil Nadu,The nilgiris,2018,732,3064,4.19,Laterite and Forest,Sona Masoori,135-140
Tamil Nadu,The nilgiris,2019,20379,79599,3.91,Laterite and Forest,Sona Masoori,135-140
Tamil Nadu,The nilgiris,2020,1907000,7265000,3.809,Laterite and Forest,Sona Masoori,135-140
Tamil Nadu,The nilgiris,2021,2036000,6881000,3.38,Laterite and Forest,Sona Masoori,135-140
Tamil Nadu,The nilgiris,2022,2217000,7906000,3.57,Laterite and Forest,Sona Masoori,135-140
Tamil Nadu,The nilgiris,2023,2159000,7557000,3.5,Laterite and Forest,Sona Masoori,135-140
Tamil Nadu, Theni,2015,13842,71903,5.19,Red ,Swarna,150
Tamil Nadu, Theni,2016,14631,79374,5.43,Red ,Swarna,150
Tamil Nadu, Theni,2017,6210,37442,6.03,Red ,Swarna,150
Tamil Nadu, Theni,2018,732,3064,4.19,Red ,Swarna,150
Tamil Nadu, Theni,2019,20379,79599,3.91,Red ,Swarna,150
Tamil Nadu, Theni,2020,1907000,7265000,3.809,Red ,Swarna,150
Tamil Nadu, Theni,2021,2036000,6881000,3.38,Red ,Swarna,150
Tamil Nadu, Theni,2022,2217000,7906000,3.57,Red ,Swarna,150
Tamil Nadu, Theni,2023,2159000,7557000,3.5,Red ,Swarna,150
Tamil Nadu,Thiruvallur,2015,96348,426203,4.42,Red and Alluvial, Sona Masoori ,135-140
Tamil Nadu,Thiruvallur,2016,101396,333203,3.29,Red and Alluvial, Sona Masoori ,135-140
Tamil Nadu,Thiruvallur,2017,96967,297131,3.06,Red and Alluvial, Sona Masoori ,135-140
Tamil Nadu,Thiruvallur,2018,732,3064,4.19,Red and Alluvial, Sona Masoori ,135-140
Tamil Nadu,Thiruvallur,2019,20379,79599,3.91,Red and Alluvial, Sona Masoori ,135-140
Tamil Nadu,Thiruvallur,2020,1907000,7265000,3.809,Red and Alluvial, Sona Masoori ,135-140
Tamil Nadu,Thiruvallur,2021,2036000,6881000,3.38,Red and Alluvial, Sona Masoori ,135-140
Tamil Nadu,Thiruvallur,2022,2217000,7906000,3.57,Red and Alluvial, Sona Masoori ,135-140
Tamil Nadu,Thiruvallur,2023,2159000,7557000,3.5,Red and Alluvial, Sona Masoori ,135-140
Tamil Nadu, Thiruvarur,2015,192615,852925,4.43,Alluvial , Sona Masoori ,135-140
Tamil Nadu, Thiruvarur,2016,194743,666958,3.42,Alluvial , Sona Masoori ,135-140
Tamil Nadu, Thiruvarur,2017,186958,332913,1.78,Alluvial , Sona Masoori ,135-140
Tamil Nadu, Thiruvarur,2018,732,3064,4.19,Alluvial , Sona Masoori ,135-140
Tamil Nadu, Thiruvarur,2019,20379,79599,3.91,Alluvial , Sona Masoori ,135-140
Tamil Nadu, Thiruvarur,2020,1907000,7265000,3.809,Alluvial , Sona Masoori ,135-140
Tamil Nadu, Thiruvarur,2021,2036000,6881000,3.38,Alluvial , Sona Masoori ,135-140
Tamil Nadu, Thiruvarur,2022,2217000,7906000,3.57,Alluvial , Sona Masoori ,135-140
Tamil Nadu, Thiruvarur,2023,2159000,7557000,3.5,Alluvial , Sona Masoori ,135-140
Tamil Nadu, Thoothukudi,2015,16281,84111,5.17,Alluvial and Red, Sona Masoori ,135-140
Tamil Nadu, Thoothukudi,2016,18556,74558,4.02,Alluvial and Red, Sona Masoori ,135-140
Tamil Nadu, Thoothukudi,2017,4808,15683,3.26,Alluvial and Red, Sona Masoori ,135-140
Tamil Nadu, Thoothukudi,2018,732,3064,4.19,Alluvial and Red, Sona Masoori ,135-140
Tamil Nadu, Thoothukudi,2019,20379,79599,3.91,Alluvial and Red, Sona Masoori ,135-140
Tamil Nadu, Thoothukudi,2020,1907000,7265000,3.809,Alluvial and Red, Sona Masoori ,135-140
Tamil Nadu, Thoothukudi,2021,2036000,6881000,3.38,Alluvial and Red, Sona Masoori ,135-140
Tamil Nadu, Thoothukudi,2022,2217000,7906000,3.57,Alluvial and Red, Sona Masoori ,135-140
Tamil Nadu, Thoothukudi,2023,2159000,7557000,3.5,Alluvial and Red, Sona Masoori ,135-140
Tamil Nadu,Tiruchirappalli,2015,51272,240199,4.68,Alluvial and Red,Swarna,150
Tamil Nadu,Tiruchirappalli,2016,58571,244213,4.17,Alluvial and Red,Swarna,150
Tamil Nadu,Tiruchirappalli,2017,27068,76591,2.83,Alluvial and Red,Swarna,150
Tamil Nadu,Tiruchirappalli,2018,732,3064,4.19,Alluvial and Red,Swarna,150
Tamil Nadu,Tiruchirappalli,2019,20379,79599,3.91,Alluvial and Red,Swarna,150
Tamil Nadu,Tiruchirappalli,2020,1907000,7265000,3.809,Alluvial and Red,Swarna,150
Tamil Nadu,Tiruchirappalli,2021,2036000,6881000,3.38,Alluvial and Red,Swarna,150
Tamil Nadu,Tiruchirappalli,2022,2217000,7906000,3.57,Alluvial and Red,Swarna,150
Tamil Nadu,Tiruchirappalli,2023,2159000,7557000,3.5,Alluvial and Red,Swarna,150
Tamil Nadu,Tirunelveli,2015,84824,433217,5.11,Red , Sona Masoori ,135-140
Tamil Nadu,Tirunelveli,2016,98506,488445,4.96,Red , Sona Masoori ,135-140
Tamil Nadu,Tirunelveli,2017,29881,105193,3.52,Red , Sona Masoori ,135-140
Tamil Nadu,Tirunelveli,2018,732,3064,4.19,Red , Sona Masoori ,135-140
Tamil Nadu,Tirunelveli,2019,20379,79599,3.91,Red , Sona Masoori ,135-140
Tamil Nadu,Tirunelveli,2020,1907000,7265000,3.809,Red , Sona Masoori ,135-140
Tamil Nadu,Tirunelveli,2021,2036000,6881000,3.38,Red , Sona Masoori ,135-140
Tamil Nadu,Tirunelveli,2022,2217000,7906000,3.57,Red , Sona Masoori ,135-140
Tamil Nadu,Tirunelveli,2023,2159000,7557000,3.5,Red , Sona Masoori ,135-140
Tamil Nadu, Tiruppur,2015,10776,61916,5.75,Red and Alluvial,Swarna,150
Tamil Nadu, Tiruppur,2016,10645,48167,4.52,Red and Alluvial,Swarna,150
Tamil Nadu, Tiruppur,2017,1703,6422,3.77,Red and Alluvial,Swarna,150
Tamil Nadu, Tiruppur,2018,732,3064,4.19,Red and Alluvial,Swarna,150
Tamil Nadu, Tiruppur,2019,20379,79599,3.91,Red and Alluvial,Swarna,150
Tamil Nadu, Tiruppur,2020,1907000,7265000,3.809,Red and Alluvial,Swarna,150
Tamil Nadu, Tiruppur,2021,2036000,6881000,3.38,Red and Alluvial,Swarna,150
Tamil Nadu, Tiruppur,2022,2217000,7906000,3.57,Red and Alluvial,Swarna,150
Tamil Nadu, Tiruppur,2023,2159000,7557000,3.5,Red and Alluvial,Swarna,150
Tamil Nadu,Tiruvannamalai,2015,93130,439225,4.72,Red , Sona Masoori ,135-140
Tamil Nadu,Tiruvannamalai,2016,138880,550738,3.97,Red , Sona Masoori ,135-140
Tamil Nadu,Tiruvannamalai,2017,78149,291303,3.73,Red , Sona Masoori ,135-140
Tamil Nadu,Tiruvannamalai,2018,732,3064,4.19,Red , Sona Masoori ,135-140
Tamil Nadu,Tiruvannamalai,2019,20379,79599,3.91,Red , Sona Masoori ,135-140
Tamil Nadu,Tiruvannamalai,2020,1907000,7265000,3.809,Red , Sona Masoori ,135-140
Tamil Nadu,Tiruvannamalai,2021,2036000,6881000,3.38,Red , Sona Masoori ,135-140
Tamil Nadu,Tiruvannamalai,2022,2217000,7906000,3.57,Red , Sona Masoori ,135-140
Tamil Nadu,Tiruvannamalai,2023,2159000,7557000,3.5,Red , Sona Masoori ,135-140
Tamil Nadu,Vellore,2015,36583,194725,5.32,Red ,Swarna,150
Tamil Nadu,Vellore,2016,51771,202224,3.91,Red ,Swarna,150
Tamil Nadu,Vellore,2017,44570,187013,4.2,Red ,Swarna,150
Tamil Nadu,Vellore,2018,732,3064,4.19,Red ,Swarna,150
Tamil Nadu,Vellore,2019,20379,79599,3.91,Red ,Swarna,150
Tamil Nadu,Vellore,2020,1907000,7265000,3.809,Red ,Swarna,150
Tamil Nadu,Vellore,2021,2036000,6881000,3.38,Red ,Swarna,150
Tamil Nadu,Vellore,2022,2217000,7906000,3.57,Red ,Swarna,150
Tamil Nadu,Vellore,2023,2159000,7557000,3.5,Red ,Swarna,150
Tamil Nadu,Villupuram,2015,171478,832585,4.86,Red , Sona Masoori ,135-140
Tamil Nadu,Villupuram,2016,182303,773313,4.24,Red , Sona Masoori ,135-140
Tamil Nadu,Villupuram,2017,95560,354198,3.71,Red , Sona Masoori ,135-140
Tamil Nadu,Villupuram,2018,732,3064,4.19,Red , Sona Masoori ,135-140
Tamil Nadu,Villupuram,2019,20379,79599,3.91,Red , Sona Masoori ,135-140
Tamil Nadu,Villupuram,2020,1907000,7265000,3.809,Red , Sona Masoori ,135-140
Tamil Nadu,Villupuram,2021,2036000,6881000,3.38,Red , Sona Masoori ,135-140
Tamil Nadu,Villupuram,2022,2217000,7906000,3.57,Red , Sona Masoori ,135-140
Tamil Nadu,Villupuram,2023,2159000,7557000,3.5,Red , Sona Masoori ,135-140
Tamil Nadu,Virudhunagar,2015,19610,81406,4.15,Red and Alluvial,Swarna,150
Tamil Nadu,Virudhunagar,2016,28607,100607,3.52,Red and Alluvial,Swarna,150
Tamil Nadu,Virudhunagar,2017,13826,15883,1.15,Red and Alluvial,Swarna,150
Tamil Nadu,Virudhunagar,2018,732,3064,4.19,Red and Alluvial,Swarna,150
Tamil Nadu,Virudhunagar,2019,20379,79599,3.91,Red and Alluvial,Swarna,150
Tamil Nadu,Virudhunagar,2020,1907000,7265000,3.809,Red and Alluvial,Swarna,150
Tamil Nadu,Virudhunagar,2021,2036000,6881000,3.38,Red and Alluvial,Swarna,150
Tamil Nadu,Virudhunagar,2022,2217000,7906000,3.57,Red and Alluvial,Swarna,150
Tamil Nadu,Virudhunagar,2023,2159000,7557000,3.5,Red and Alluvial,Swarna,150
Telangana,Adilabad,2015,36084,81003,2.24, Black and Red ,Swarna,150
Telangana,Adilabad,2016,42575,108571,2.55, Black and Red ,Swarna,150
Telangana,Adilabad,2017,1230,3174,2.58, Black and Red ,Swarna,150
Telangana,Adilabad,2018,556,1334,2.4, Black and Red ,Swarna,150
Telangana,Adilabad,2019,385,1222,3.17, Black and Red ,Swarna,150
Telangana,Adilabad,2020,508,1846,3.63, Black and Red ,Swarna,150
Telangana,Adilabad,2021,884,2607,2.95, Black and Red ,Swarna,150
Telangana,Adilabad,2022,804,2650,3.3, Black and Red ,Swarna,150
Telangana,Adilabad,2023,671,2347,3.5, Black and Red ,Swarna,150
Telangana,Bhadradri,2017,45862,160803,3.51, Black and Red ,Swarna,150
Telangana,Bhadradri,2018,46629,143736,3.08,Alluvial and Red,Swarna,150
Telangana,Bhadradri,2019,46593,153058,3.28,Alluvial and Red,Swarna,150
Telangana,Bhadradri,2020,57972,212583,3.67,Alluvial and Red,Swarna,150
Telangana,Bhadradri,2021,63935,202065,3.16,Alluvial and Red,Swarna,150
Telangana,Bhadradri,2022,70799,225479,3.18,Alluvial and Red,Swarna,150
Telangana,Bhadradri,2023,66484,230699,3.47,Alluvial and Red,Swarna,150
Telangana,Jagitial,2017,39759,150647,3.79,Red and Black ,MTU-1010,150
Telangana,Jagitial,2018,43602,118554,2.72,Red and Black ,MTU-1010,150
Telangana,Jagitial,2019,58567,248968,4.25,Red and Black ,MTU-1010,150
Telangana,Jagitial,2020,92491,412140,4.46,Red and Black ,MTU-1010,150
Telangana,Jagitial,2021,114178,361696,3.17,Red and Black ,MTU-1010,150
Telangana,Jagitial,2022,118515,418121,3.53,Red and Black ,MTU-1010,150
Telangana,Jagitial,2023,122197,441253,3.61,Red and Black ,MTU-1010,150
Telangana,Jangoan,2017,20004,68734,3.44,Red and Black ,Swarna,150
Telangana,Jangoan,2018,26245,65901,2.51,Red and Black ,Swarna,150
Telangana,Jangoan,2019,22506,69814,3.1,Red and Black ,Swarna,150
Telangana,Jangoan,2020,30645,97972,3.2,Red and Black ,Swarna,150
Telangana,Jangoan,2021,60403,168957,2.8,Red and Black ,Swarna,150
Telangana,Jangoan,2022,77381,248238,3.21,Red and Black ,Swarna,150
Telangana,Jangoan,2023,86366,250720,2.9,Red and Black ,Swarna,150
Telangana, Jayashankar,2017,62937,213267,3.39,Red and Black ,Swarna,150
Telangana, Jayashankar,2018,59970,148281,2.47,Red and Black ,Swarna,150
Telangana, Jayashankar,2019,27081,98737,3.65,Red and Black ,Swarna,150
Telangana, Jayashankar,2020,33296,106814,3.21,Red and Black ,Swarna,150
Telangana, Jayashankar,2021,40704,110448,2.71,Red and Black ,Swarna,150
Telangana, Jayashankar,2022,43300,127259,2.94,Red and Black ,Swarna,150
Telangana, Jayashankar,2023,44401,144436,3.25,Red and Black ,Swarna,150
Telangana,Jogulamba,2017,15493,39019,2.52,Red and Black ,Swarna,150
Telangana,Jogulamba,2018,17677,40241,2.28,Red and Black ,Swarna,150
Telangana,Jogulamba,2019,21127,54233,2.57,Red and Black ,Swarna,150
Telangana,Jogulamba,2020,27604,87891,3.18,Red and Black ,Swarna,150
Telangana,Jogulamba,2021,32754,93483,2.85,Red and Black ,Swarna,150
Telangana,Jogulamba,2022,38920,98893,2.54,Red and Black ,Swarna,150
Telangana,Jogulamba,2023,35692,121353,3.4,Red and Black ,Swarna,150
Telangana,Kamareddy,2017,35357,139448,3.94,Red ,Swarna,150
Telangana,Kamareddy,2018,54599,165648,3.03,Red ,Swarna,150
Telangana,Kamareddy,2019,54663,232427,4.25,Red ,Swarna,150
Telangana,Kamareddy,2020,84732,382141,4.51,Red ,Swarna,150
Telangana,Kamareddy,2021,100303,330633,3.3,Red ,Swarna,150
Telangana,Kamareddy,2022,113744,432227,3.8,Red ,Swarna,150
Telangana,Kamareddy,2023,122025,523487,4.29,Red ,Swarna,150
Telangana,Karimnagar,2015,179282,632136,3.53,Red and Black ,MTU-1016,150
Telangana,Karimnagar,2016,116345,381263,3.28,Red and Black ,MTU-1016,150
Telangana,Karimnagar,2017,33075,125321,3.79,Red and Black ,MTU-1016,150
Telangana,Karimnagar,2018,46710,135833,2.91,Red and Black ,MTU-1016,150
Telangana,Karimnagar,2019,54612,207034,3.79,Red and Black ,MTU-1016,150
Telangana,Karimnagar,2020,79406,267201,3.36,Red and Black ,MTU-1016,150
Telangana,Karimnagar,2021,102368,308096,3.01,Red and Black ,MTU-1016,150
Telangana,Karimnagar,2022,110458,344739,3.12,Red and Black ,MTU-1016,150
Telangana,Karimnagar,2023,110266,359357,3.26,Red and Black ,MTU-1016,150
Telangana,Khammam,2015,110439,328435,2.97,Alluvial and Black,Samba Masuri,150
Telangana,Khammam,2016,109579,337054,3.08,Alluvial and Black,Samba Masuri,150
Telangana,Khammam,2017,37999,135788,3.57,Alluvial and Black,Samba Masuri,150
Telangana,Khammam,2018,56206,153450,2.73,Alluvial and Black,Samba Masuri,150
Telangana,Khammam,2019,82437,295619,3.59,Alluvial and Black,Samba Masuri,150
Telangana,Khammam,2020,92196,335225,3.64,Alluvial and Black,Samba Masuri,150
Telangana,Khammam,2021,113361,345938,3.05,Alluvial and Black,Samba Masuri,150
Telangana,Khammam,2022,119611,347590,2.91,Alluvial and Black,Samba Masuri,150
Telangana,Khammam,2023,117343,411639,3.51,Alluvial and Black,Samba Masuri,150
Telangana,Komaram bheem asifabad,2017,11980,32619,2.72, Black and Red ,Swarna,150
Telangana,Komaram bheem asifabad,2018,7311,13071,1.79, Black and Red ,Swarna,150
Telangana,Komaram bheem asifabad,2019,11774,24619,2.09, Black and Red ,Swarna,150
Telangana,Komaram bheem asifabad,2020,24201,67787,2.8, Black and Red ,Swarna,150
Telangana,Komaram bheem asifabad,2021,22336,61431,2.75, Black and Red ,Swarna,150
Telangana,Komaram bheem asifabad,2022,21936,53963,2.46, Black and Red ,Swarna,150
Telangana,Komaram bheem asifabad,2023,23794,66528,2.8, Black and Red ,Swarna,150
Telangana, Mahabubabad,2017,29989,102569,3.42,Red and Black ,Swarna,150
Telangana, Mahabubabad,2018,36342,85729,2.36,Red and Black ,Swarna,150
Telangana, Mahabubabad,2019,39461,123355,3.13,Red and Black ,Swarna,150
Telangana, Mahabubabad,2020,46834,157409,3.36,Red and Black ,Swarna,150
Telangana, Mahabubabad,2021,63742,175312,2.75,Red and Black ,Swarna,150
Telangana, Mahabubabad,2022,86666,243531,2.81,Red and Black ,Swarna,150
Telangana, Mahabubabad,2023,85844,289981,3.38,Red and Black ,Swarna,150
Telangana, Mahbubnagar,2015,111302,282357,2.54,Red ,B P T,150
Telangana, Mahbubnagar,2016,66075,149451,2.26,Red ,B P T,150
Telangana, Mahbubnagar,2017,32691,92029,2.82,Red ,B P T,150
Telangana, Mahbubnagar,2018,31129,60217,1.93,Red ,B P T,150
Telangana, Mahbubnagar,2019,11792,28749,2.44,Red ,B P T,150
Telangana, Mahbubnagar,2020,13972,48385,3.46,Red ,B P T,150
Telangana, Mahbubnagar,2021,46227,139363,3.01,Red ,B P T,150
Telangana, Mahbubnagar,2022,68867,231600,3.36,Red ,B P T,150
Telangana, Mahbubnagar,2023,76436,257360,3.37,Red ,B P T,150
Telangana,Mancherial,2017,27651,85954,3.11, Black and Red ,Swarna,150
Telangana,Mancherial,2018,29897,56949,1.9, Black and Red ,Swarna,150
Telangana,Mancherial,2019,39549,127625,3.23, Black and Red ,Swarna,150
Telangana,Mancherial,2020,65137,174176,2.67, Black and Red ,Swarna,150
Telangana,Mancherial,2021,66224,160706,2.43, Black and Red ,Swarna,150
Telangana,Mancherial,2022,65811,169068,2.57, Black and Red ,Swarna,150
Telangana,Mancherial,2023,63784,194350,3.05, Black and Red ,Swarna,150
Telangana,Medak,2015,73983,234342,3.17,Red ,I.R.-64,150
Telangana,Medak,2016,61512,174884,2.84,Red ,I.R.-64,150
Telangana,Medak,2017,31715,97175,3.06,Red ,I.R.-64,150
Telangana,Medak,2018,45317,130422,2.88,Red ,I.R.-64,150
Telangana,Medak,2019,31269,108722,3.48,Red ,I.R.-64,150
Telangana,Medak,2020,48432,212181,4.38,Red ,I.R.-64,150
Telangana,Medak,2021,78867,202291,2.56,Red ,I.R.-64,150
Telangana,Medak,2022,103929,389526,3.75,Red ,I.R.-64,150
Telangana,Medak,2023,119309,435359,3.65,Red ,I.R.-64,150
Telangana,Medchal,2017,1907,5015,2.63,Red ,Swarna,150
Telangana,Medchal,2018,4844,16005,3.3,Red ,Swarna,150
Telangana,Medchal,2019,4032,16757,4.16,Red ,Swarna,150
Telangana,Medchal,2020,5139,20191,3.93,Red ,Swarna,150
Telangana,Medchal,2021,6475,18700,2.89,Red ,Swarna,150
Telangana,Medchal,2022,7457,27255,3.65,Red ,Swarna,150
Telangana,Medchal,2023,7384,29514,4,Red ,Swarna,150
Telangana,Mulugu,2019,35880,130818,3.65,Red and Black ,Swarna,150
Telangana,Mulugu,2020,38066,130186,3.42,Red and Black ,Swarna,150
Telangana,Mulugu,2021,40794,113410,2.78,Red and Black ,Swarna,150
Telangana,Mulugu,2022,44793,134065,2.99,Red and Black ,Swarna,150
Telangana,Mulugu,2023,40505,122285,3.02,Red and Black ,Swarna,150
Telangana,Nagarkurnool,2017,7727,21549,2.79,Red ,Swarna,150
Telangana,Nagarkurnool,2018,8272,18074,2.18,Red ,Swarna,150
Telangana,Nagarkurnool,2019,15792,37538,2.38,Red ,Swarna,150
Telangana,Nagarkurnool,2020,24324,80975,3.33,Red ,Swarna,150
Telangana,Nagarkurnool,2021,39868,106779,2.68,Red ,Swarna,150
Telangana,Nagarkurnool,2022,51528,159737,3.1,Red ,Swarna,150
Telangana,Nagarkurnool,2023,49811,164476,3.3,Red ,Swarna,150
Telangana,Nalgonda,2015,177458,549765,3.1,Red and Black ,MTU-1010,150
Telangana,Nalgonda,2016,127904,390235,3.05,Red and Black ,MTU-1010,150
Telangana,Nalgonda,2017,56261,189543,3.37,Red and Black ,MTU-1010,150
Telangana,Nalgonda,2018,63661,170548,2.68,Red and Black ,MTU-1010,150
Telangana,Nalgonda,2019,93564,290703,3.11,Red and Black ,MTU-1010,150
Telangana,Nalgonda,2020,129052,445100,3.45,Red and Black ,MTU-1010,150
Telangana,Nalgonda,2021,159756,535295,3.35,Red and Black ,MTU-1010,150
Telangana,Nalgonda,2022,186997,643083,3.44,Red and Black ,MTU-1010,150
Telangana,Nalgonda,2023,204092,684116,3.35,Red and Black ,MTU-1010,150
Telangana,Narayanapet,2019,19629,47856,2.44,Red ,Swarna,150
Telangana,Narayanapet,2020,33896,107416,3.17,Red ,Swarna,150
Telangana,Narayanapet,2021,39674,125579,3.17,Red ,Swarna,150
Telangana,Narayanapet,2022,54320,173009,3.18,Red ,Swarna,150
Telangana,Narayanapet,2023,64317,215398,3.35,Red ,Swarna,150
Telangana, Nirmal,2017,20477,63822,3.12,Red and Black ,Swarna,150
Telangana, Nirmal,2018,20313,48406,2.38,Red and Black ,Swarna,150
Telangana, Nirmal,2019,26224,84913,3.24,Red and Black ,Swarna,150
Telangana, Nirmal,2020,38778,141501,3.65,Red and Black ,Swarna,150
Telangana, Nirmal,2021,43066,122913,2.85,Red and Black ,Swarna,150
Telangana, Nirmal,2022,47691,152373,3.2,Red and Black ,Swarna,150
Telangana, Nirmal,2023,50933,165023,3.24,Red and Black ,Swarna,150
Telangana,Nizamabad,2015,112427,404400,3.6,Red and Black ,Swarna,150
Telangana,Nizamabad,2016,80451,208770,2.59,Red and Black ,Swarna,150
Telangana,Nizamabad,2017,86923,342824,3.94,Red and Black ,Swarna,150
Telangana,Nizamabad,2018,91750,322501,3.51,Red and Black ,Swarna,150
Telangana,Nizamabad,2019,101266,425722,4.2,Red and Black ,Swarna,150
Telangana,Nizamabad,2020,143238,594581,4.15,Red and Black ,Swarna,150
Telangana,Nizamabad,2021,155850,553790,3.55,Red and Black ,Swarna,150
Telangana,Nizamabad,2022,159166,602284,3.78,Red and Black ,Swarna,150
Telangana,Nizamabad,2023,169235,676094,4,Red and Black ,Swarna,150
Telangana,Peddapalli,2017,37754,143050,3.79,Black,Swarna,150
Telangana,Peddapalli,2018,50069,146101,2.92,Black,Swarna,150
Telangana,Peddapalli,2019,57805,231104,4,Black,Swarna,150
Telangana,Peddapalli,2020,77960,298821,3.83,Black,Swarna,150
Telangana,Peddapalli,2021,82999,235440,2.84,Black,Swarna,150
Telangana,Peddapalli,2022,85426,253971,2.97,Black,Swarna,150
Telangana,Peddapalli,2023,86696,301789,3.48,Black,Swarna,150
Telangana, Rajanna,2017,18093,68554,3.79,Red ,Swarna,150
Telangana, Rajanna,2018,22724,70513,3.1,Red ,Swarna,150
Telangana, Rajanna,2019,22978,85019,3.7,Red ,Swarna,150
Telangana, Rajanna,2020,40746,176878,4.34,Red ,Swarna,150
Telangana, Rajanna,2021,60223,180359,2.99,Red ,Swarna,150
Telangana, Rajanna,2022,70135,252346,3.6,Red ,Swarna,150
Telangana, Rajanna,2023,71799,256251,3.57,Red ,Swarna,150
Telangana,Rangareddi,2015,23817,60376,2.53,Red ,Swarna,150
Telangana,Rangareddi,2016,17116,44399,2.59,Red ,Swarna,150
Telangana,Rangareddi,2017,10508,27636,2.63,Red ,Swarna,150
Telangana,Rangareddi,2018,13256,32954,2.49,Red ,Swarna,150
Telangana,Rangareddi,2019,13475,41651,3.09,Red ,Swarna,150
Telangana,Rangareddi,2020,14396,47507,3.3,Red ,Swarna,150
Telangana,Rangareddi,2021,28847,87688,3.04,Red ,Swarna,150
Telangana,Rangareddi,2022,52784,179202,3.4,Red ,Swarna,150
Telangana,Rangareddi,2023,50786,180747,3.56,Red ,Swarna,150
Telangana,Sangareddy,2017,11530,35309,3.06,Red ,Swarna,150
Telangana,Sangareddy,2018,21040,66594,3.17,Red ,Swarna,150
Telangana,Sangareddy,2019,18058,54716,3.03,Red ,Swarna,150
Telangana,Sangareddy,2020,22020,85526,3.88,Red ,Swarna,150
Telangana,Sangareddy,2021,31655,93467,2.95,Red ,Swarna,150
Telangana,Sangareddy,2022,46045,174649,3.79,Red ,Swarna,150
Telangana,Sangareddy,2023,56729,233723,4.12,Red ,Swarna,150
Telangana,Siddipet,2017,22772,69773,3.06,Red ,Swarna,150
Telangana,Siddipet,2018,34495,113178,3.28,Red ,Swarna,150
Telangana,Siddipet,2019,34756,114764,3.3,Red ,Swarna,150
Telangana,Siddipet,2020,49501,185183,3.74,Red ,Swarna,150
Telangana,Siddipet,2021,91694,299779,3.27,Red ,Swarna,150
Telangana,Siddipet,2022,128351,444094,3.46,Red ,Swarna,150
Telangana,Siddipet,2023,148181,506186,3.42,Red ,Swarna,150
Telangana,Suryapet,2017,67784,228364,3.37,Red ,Swarna,150
Telangana,Suryapet,2018,67674,231648,3.42,Red ,Swarna,150
Telangana,Suryapet,2019,93032,308215,3.31,Red ,Swarna,150
Telangana,Suryapet,2020,127779,451315,3.53,Red ,Swarna,150
Telangana,Suryapet,2021,162517,514819,3.17,Red ,Swarna,150
Telangana,Suryapet,2022,190170,625469,3.29,Red ,Swarna,150
Telangana,Suryapet,2023,191050,674215,3.53,Red ,Swarna,150
Telangana,Vikarabad,2017,12082,31776,2.63,Red ,Swarna,150
Telangana,Vikarabad,2018,8845,21900,2.48,Red ,Swarna,150
Telangana,Vikarabad,2019,10207,30192,2.96,Red ,Swarna,150
Telangana,Vikarabad,2020,11445,36475,3.19,Red ,Swarna,150
Telangana,Vikarabad,2021,30422,88553,2.91,Red ,Swarna,150
Telangana,Vikarabad,2022,46773,136390,2.92,Red ,Swarna,150
Telangana,Vikarabad,2023,54587,178063,3.26,Red ,Swarna,150
Telangana,Wanaparthy,2017,31578,88281,2.8,Red ,Swarna,150
Telangana,Wanaparthy,2018,34025,68751,2.02,Red ,Swarna,150
Telangana,Wanaparthy,2019,39617,118653,3,Red ,Swarna,150
Telangana,Wanaparthy,2020,55423,182508,3.29,Red ,Swarna,150
Telangana,Wanaparthy,2021,72108,190133,2.64,Red ,Swarna,150
Telangana,Wanaparthy,2022,73746,265707,3.6,Red ,Swarna,150
Telangana,Wanaparthy,2023,74092,273770,3.7,Red ,Swarna,150
Telangana,Warangal,2015,95515,282059,2.95,Red and Black ,Swarna,150
Telangana,Warangal,2016,127156,402403,3.16,Red and Black ,Swarna,150
Telangana,Warangal,2017,30358,104310,3.44,Red and Black ,Swarna,150
Telangana,Warangal,2018,36097,89376,2.48,Red and Black ,Swarna,150
Telangana,Warangal,2019,38187,127659,3.34,Red and Black ,Swarna,150
Telangana,Warangal,2020,42972,147480,3.43,Red and Black ,Swarna,150
Telangana,Warangal,2021,51264,145423,2.84,Red and Black ,Swarna,150
Telangana,Warangal,2022,54190,169506,3.13,Red and Black ,Swarna,150
Telangana,Warangal,2023,54759,179610,3.28,Red and Black ,Swarna,150
Telangana,Warangal urban,2017,15772,54193,3.44,Red and Black ,Swarna,150
Telangana,Warangal urban,2018,16651,41011,2.46,Red and Black ,Swarna,150
Telangana,Warangal urban,2019,15384,53875,3.5,Red and Black ,Swarna,150
Telangana,Warangal urban,2020,26807,93851,3.5,Red and Black ,Swarna,150
Telangana,Warangal urban,2021,39018,112710,2.89,Red and Black ,Swarna,150
Telangana,Warangal urban,2022,60942,200987,3.3,Red and Black ,Swarna,150
Telangana,Warangal urban,2023,59900,214861,3.59,Red and Black ,Swarna,150
Telangana,Yadadri,2017,32083,108088,3.37,Red ,Swarna,150
Telangana,Yadadri,2018,51081,169078,3.31,Red ,Swarna,150
Telangana,Yadadri,2019,47562,160712,3.38,Red ,Swarna,150
Telangana,Yadadri,2020,52183,196104,3.76,Red ,Swarna,150
Telangana,Yadadri,2021,82602,233716,2.83,Red ,Swarna,150
Telangana,Yadadri,2022,113310,371317,3.28,Red ,Swarna,150
Telangana,Yadadri,2023,120942,417008,3.45,Red ,Swarna,150
